Empresa,Ticker,Cotação,EV/EBIT,M.EBIT,Volume Médio,Situação Judicial
MINUPAR,MNPR3,15.49,2.14,19.8,843638.0,[]
METALÚRGICA GERDAU,GOAU4,14.63,3.47,14.2,150061000.0,[]
Even,EVEN3,10.14,3.51,16.3,14595400.0,[]
PÃO DE AÇÚCAR,PCAR3,37.54,3.65,9.3,223015000.0,[]
Marfrig,MRFG3,18.53,3.67,12.1,176912000.0,[]
WIZ S.A.,WIZS3,11.4,3.7,49.1,37380200.0,[]
ALUPAR,ALUP11,27.5,4.02,58.5,27606800.0,[]
VALE,VALE3,110.2,4.23,56.3,2674970000.0,[]
PLANOEPLANO,PLPL3,5.95,4.31,29.9,5818600.0,[]
EUCATEX,EUCA4,10.91,4.84,15.2,4915710.0,[]
CSNMINERACAO,CMIN3,9.06,4.85,55.0,116551000.0,[]
BRASKEM,BRKM5,51.58,5.08,19.2,201384000.0,[]
CELESC,CLSC4,69.01,5.13,7.7,412668.0,[]
SANEPAR,SAPR11,20.52,5.18,36.2,40182200.0,[]
COPEL,CPLE6,6.23,5.4,22.6,74211700.0,[]
TRANSMISSÃO PAULISTA,TRPL4,26.96,5.5,100.8,39581600.0,[]
TAURUS ARMAS,TASA4,24.92,5.51,27.4,53941800.0,[]
Minerva,BEEF3,9.81,5.62,9.1,112038000.0,[]
ALLIED,ALLD3,18.15,5.7,6.3,1400640.0,[]
D1000VFARMA,DMVF3,9.15,5.75,7.5,2541160.0,[]
EDP ENERGIAS DO BRASIL S/A,ENBR3,18.98,5.76,20.8,66020000.0,[]
PROFARMA,PFRM3,6.37,5.77,3.6,3007680.0,[]
JBS,JBSS3,30.4,6.0,7.7,437788000.0,[]
USIMINAS,USIM5,19.66,6.01,22.6,456744000.0,[]
UNIPAR PARTICIPAÇÕES S.A.,UNIP6,86.02,6.08,28.6,31858700.0,[]
CSN,CSNA3,44.92,6.11,34.9,568109000.0,[]
PETROBRAS,PETR4,26.09,6.3,37.8,1695980000.0,[]
CEMIG,CMIG4,13.46,6.44,18.8,123002000.0,[]
METISA,MTSA4,41.29,6.48,12.2,215599.0,[]
LIGHT SA,LIGT3,17.44,6.56,13.5,38647100.0,[]
Tenda,TEND3,24.1,6.61,15.6,25410500.0,[]
JHSF Part,JHSF3,7.54,6.85,59.5,40298600.0,[]
CIA. DE FIAÇÃO E TECIDOS CEDRO CACHOEIRA,CEDO4,6.2,6.94,5.8,262536.0,[]
COPASA MG,CSMG3,17.51,6.95,24.7,36699700.0,[]
ELECTRO AÇO ALTONA S/A,EALT4,6.18,6.99,10.8,469192.0,[]
LAVVI,LAVV3,7.71,7.04,30.4,11812400.0,[]
TECHNOS,TECN3,2.15,7.12,11.4,7169470.0,[]
Direcional Engenharia,DIRR3,12.88,7.26,17.6,18806700.0,[]
TAESA,TAEE11,39.59,7.27,69.4,89863700.0,[]
EQUATORIAL ENERGIA S.A.,EQTL3,25.5,7.55,26.8,180490000.0,[]
MAHLE METAL LEVE,LEVE3,27.12,7.61,16.8,17830400.0,[]
NEOENERGIA,NEOE3,18.2,7.8,18.4,36956200.0,[]
ECORODOVIAS,ECOR3,12.38,8.1,42.6,53521400.0,[]
CAMIL,CAML3,9.83,8.16,8.0,15462900.0,[]
EQTL PARA,EQPA3,4.77,8.34,23.7,269585.0,[]
ENGIE BRASIL,EGIE3,40.54,8.53,42.8,61594900.0,[]
TIM,TIMS3,12.1,8.55,18.5,70622900.0,[]
FERBASA,FESA4,36.41,8.56,22.5,18683800.0,[]
CPFL ENERGIA S.A.,CPFE3,29.25,8.75,17.1,65513700.0,[]
RANDON S.A. IMPLEMENTOS E PARTICIPAÇÕES,RAPT4,15.11,8.96,12.6,40287600.0,[]
LOPES BRASIL,LPSB3,3.85,9.06,25.5,5029510.0,[]
CRISTAL,CRPG5,70.8,9.13,22.6,913972.0,[]
SLC Agricola,SLCE3,48.35,9.2,24.7,71363400.0,[]
GERDAU S.A.,GGBR4,32.55,9.21,14.2,497447000.0,[]
CURY S/A,CURY3,9.12,9.27,21.5,11825400.0,[]
BRASILAGRO,AGRO3,30.76,9.32,35.2,36377800.0,[]
ODONTOPREV,ODPV3,12.64,9.4,35.4,14854700.0,[]
HAGA,HAGA4,2.84,9.4,9.4,979174.0,[]
SABESP,SBSP3,41.78,9.43,24.2,119874000.0,[]
SER EDUCA,SEER3,14.0,9.51,15.0,9616320.0,[]
TERRA SANTA,TESA3,44.18,9.55,15.8,1701870.0,[]
APABA,BTTL3,19.41,9.58,5.7,320405.0,[]
ENERGISA,ENGI11,46.29,9.76,15.4,72470200.0,[]
BIOSEV,BSEV3,9.0,9.81,15.2,1269190.0,[]
CELULOSE IRANI,RANI3,7.4,9.86,18.7,20295300.0,[]
MELNICK,MELK3,6.15,10.07,11.0,4232960.0,[]
COTEMINAS,CTNM4,6.12,10.1,7.0,207031.0,[]
WHIRLPOOL S.A.,WHRL4,8.13,10.12,10.2,231233.0,[]
IHPARDINI,PARD3,20.98,10.15,17.0,7352780.0,[]
CARREFOUR BR,CRFB3,21.5,10.21,6.8,84280300.0,[]
Trisul,TRIS3,10.02,10.37,20.7,11292200.0,[]
REDE EMPRESAS DE ENERGIA ELÉTRICA S.A.,REDE3,7.99,10.38,18.6,278922.0,[]
QUALICORP,QUAL3,29.08,10.4,41.1,83470800.0,[]
GRAZZIOTIN,CGRA4,33.5,10.47,10.9,529078.0,[]
VIAVAREJO,VVAR3,12.51,10.48,8.8,471803000.0,[]
MOURA DUBEUX,MDNE3,8.42,10.82,11.2,3172290.0,[]
ASSAI,ASAI3,88.86,11.54,7.6,124870000.0,[]
SMILES,SMLS3,22.79,11.72,33.6,32715600.0,[]
FRAS-LE S.A.,FRAS3,11.28,11.94,12.7,3103000.0,[]
BOMBRIL SA,BOBR4,2.35,12.31,6.5,462229.0,[]
CYRELA COMMERCIAL PROPERTIES SA EMP PART,CCPR3,12.15,12.33,49.8,5627900.0,[]
BRF Foods,BRFS3,25.56,12.4,7.0,256905000.0,[]
ATOMPAR,ATOM3,8.35,12.59,34.9,5476180.0,[]
UNICASA,UCAS3,4.85,12.85,12.0,915903.0,[]
KEPLER WEBER SA,KEPL3,50.31,12.92,11.0,11102900.0,[]
MANGELS,MGEL4,16.94,13.07,9.9,257985.0,[]
GPC PARTICIPACOES SA,GPCP3,37.58,13.2,8.7,7110410.0,[]
MITRE REALTY,MTRE3,11.65,13.27,9.6,10150600.0,[]
TUPY,TUPY3,24.75,13.55,7.0,35824300.0,[]
BEMOBI TECH,BMOB3,23.0,13.73,34.1,23781900.0,[]
COMPANHIA DE CONCESSÕES RODOVIÁRIAS,CCRO3,13.9,14.09,26.9,167924000.0,[]
COMPANHIA DE GÁS DE SÃO PAULO - COMGÁSS,CGAS5,160.0,14.1,22.3,294686.0,[]
PETROBRAS BR,BRDT3,25.45,14.1,2.9,201268000.0,[]
TELEF BRASIL,VIVT3,44.0,14.12,13.2,92526500.0,[]
Tegma,TGMA3,22.56,14.15,10.7,10034100.0,[]
FOCUS,POWE3,14.28,14.23,3.7,2797730.0,[]
CSU CARDSYST,CARD3,24.39,14.58,15.8,9882580.0,[]
SAO MARTINHO,SMTO3,33.23,14.79,25.5,35241100.0,[]
ENAUTA PART,ENAT3,15.77,14.97,25.2,28238800.0,[]
SÃO CARLOS EMPREEND.E PARTICIPAÇÕES S.A.,SCAR3,40.61,15.27,63.4,575152.0,[]
MRV,MRVE3,17.54,15.27,11.8,66487800.0,[]
JEREISSATI PARTICIPACOES,JPSA3,29.21,15.36,42.7,8294320.0,[]
OUROFINO S/A,OFSA3,36.29,15.39,17.4,1468020.0,[]
GRENDENE SA,GRND3,9.28,15.55,21.3,18811100.0,[]
Suzano Papel,SUZB3,62.22,15.71,29.7,470936000.0,[]
B3,B3SA3,17.1,15.75,62.2,625025000.0,[]
PAGUE MENOS,PGMN3,11.89,16.06,5.0,12239800.0,[]
Springs,SGPS3,11.4,16.16,5.0,1542580.0,[]
CESP CIA ENERGETICA SAO PAULO,CESP6,25.2,16.22,28.3,56320500.0,[]
TOTVS,TOTS3,32.94,16.3,41.2,129174000.0,[]
CYRELA BRAZIL REALTY,CYRE3,23.28,16.4,15.1,137196000.0,[]
SIMPAR,SIMH3,49.6,16.53,13.8,24838900.0,[]
DURATEX,DTEX3,21.31,16.53,15.5,48421000.0,[]
PORTOBELLO S/A,PTBL3,14.35,16.8,10.8,53136200.0,[]
KLABIN,KLBN11,25.92,17.45,22.7,178573000.0,[]
FLEURY,FLRY3,26.7,17.49,18.3,46924400.0,[]
AMBEV S/A,ABEV3,17.47,17.68,23.6,323675000.0,[]
LOCAMERICA,LCAM3,27.12,17.78,17.0,61726400.0,[]
PETTENATI,PTNT3,14.25,18.16,7.4,843418.0,[]
GRUPO MATEUS,GMAT3,7.92,18.31,6.9,35361100.0,[]
BLAU,BLAU3,43.5,18.46,35.1,12323700.0,[]
EMAE,EMAE4,87.4,18.67,34.6,419162.0,[]
ROMI,ROMI3,27.59,19.49,11.5,48747300.0,[]
MOVIDA,MOVI3,17.6,19.64,14.9,37985000.0,[]
ULTRAPAR PARTICIPAÇÕES SA,UGPA3,19.33,19.72,2.1,109387000.0,[]
POSITIVO INF,POSI3,13.25,19.76,4.4,122973000.0,[]
Log-In,LOGN3,18.65,19.9,12.3,16923700.0,[]
CIA ENERG CEARA - COELCE,COCE5,57.76,19.95,6.0,1027850.0,[]
QUERO-QUERO,LJQQ3,20.65,20.06,11.2,28240400.0,[]
ANIMA,ANIM3,12.05,20.42,16.7,24751900.0,[]
SCHULZ,SHUL4,10.38,20.83,8.9,5502960.0,[]
CIELO,CIEL3,4.17,21.12,11.6,108587000.0,[]
AMBIPAR,AMBP3,30.28,22.37,17.6,11207300.0,[]
HYPERA,HYPE3,35.15,22.44,27.3,96603200.0,[]
MARCOPOLO,POMO4,2.77,23.28,4.5,14595700.0,[]
PETRORIO,PRIO3,18.85,23.6,29.1,380896000.0,[]
VALID,VLID3,9.7,23.62,3.5,7764110.0,[]
LOJAS AMERICANAS S.A.,LAME4,19.3,24.91,6.8,249446000.0,[]
RUMO S.A.,RAIL3,20.8,25.49,27.1,166167000.0,[]
CRUZEIRO EDU,CSED3,13.56,25.54,11.4,4755110.0,[]
BR MALLS PARTICIPAÇÔES S/A,BRML3,10.96,25.68,53.8,164003000.0,[]
JULIO SIMOES,JSLG3,10.68,26.17,13.9,4084590.0,[]
HBR REALTY,HBRE3,15.89,26.61,92.4,2365860.0,[]
INTELBRAS,INTB3,27.02,26.72,12.9,35897300.0,[]
EZTec,EZTC3,30.41,27.21,24.3,76768100.0,[]
ENEVA,ENEV3,17.22,27.27,30.5,106815000.0,[]
ELETROBRÁS,ELET3,43.21,27.43,11.7,255187000.0,[]
LOCALIZA RENT A CAR,RENT3,63.4,27.67,19.3,308661000.0,[]
ALIANSCSONAE,ALSO3,29.29,27.74,39.4,40670600.0,[]
GAFISA,GFSA3,4.18,28.09,6.8,21731500.0,[]
OMEGA GER,OMGE3,37.34,28.75,33.9,29577800.0,[]
BR PROPERTIES,BRPR3,9.44,29.07,69.4,13914000.0,[]
IGUATEMI,IGTA3,43.38,30.17,45.9,92983700.0,[]
M.DIASBRANCO,MDIA3,27.49,31.21,4.4,41634400.0,[]
VAMOS,VAMO3,50.0,31.56,23.8,24535700.0,[]
GRUPO NATURA,NTCO3,51.25,31.74,6.3,293372000.0,[]
LOG COM PROP,LOGG3,29.4,32.31,75.6,11291900.0,[]
VIVARA S.A.,VIVA3,28.35,33.86,18.3,24533800.0,[]
ORIZON,ORVR3,23.99,33.92,13.0,5698960.0,[]
COSAN SA INDUSTRIA E COMERCIO,CSAN3,21.95,36.2,13.7,177061000.0,[]
Multiplan,MULT3,25.22,36.64,45.6,126104000.0,[]
WEG SA,WEGE3,32.8,36.69,19.6,342042000.0,[]
VULCABRAS S/A.,VULC3,8.98,36.86,5.1,5432700.0,[]
NEOGRID,NGRD3,6.74,37.05,16.8,20512700.0,[]
IOCHPE-MAXION,MYPK3,16.9,37.94,1.8,29229800.0,[]
MOSAICO SA,MOSI3,19.91,38.17,21.6,31001700.0,[]
ALPARGATAS,ALPA4,44.62,39.67,18.3,72628600.0,[]
PADTEC,PDTC3,7.33,42.15,8.4,2921890.0,[]
PANVEL FARMÁCIAS,PNVL3,19.92,44.32,2.6,16872900.0,[]
INTERMEDICA,GNDI3,87.09,44.52,11.0,324638000.0,[]
HIDROVIAS,HBSA3,6.65,44.53,13.3,32099200.0,[]
PENALTY,CAMB3,5.17,44.84,4.3,573479.0,[]
RAIADROGASIL,RADL3,27.25,45.72,4.8,137637000.0,[]
YDUQS PART,YDUQ3,31.02,47.84,6.6,74796200.0,[]
ESPACOLASER,ESPA3,17.7,50.19,16.5,20815600.0,[]
HAPVIDA,HAPV3,15.76,50.25,13.6,164750000.0,[]
LINX,LINX3,37.49,51.62,14.8,16804100.0,[]
EMBRAER,EMBR3,16.85,53.46,2.0,177079000.0,[]
MILLS,MILS3,7.76,54.44,6.2,18610900.0,[]
LOJAS MARISA,AMAR3,6.59,56.36,2.6,42560700.0,[]
ESTAPAR,ALPK3,8.3,61.76,8.7,381998.0,[]
PETZ,PETZ3,22.21,62.54,8.8,84018600.0,[]
BOA VISTA,BOAS3,10.62,67.67,17.8,11827400.0,[]
REDE D OR,RDOR3,73.5,67.72,14.9,141722000.0,[]
RENNER,LREN3,46.0,67.95,8.6,431026000.0,[]
SBPAR,STBP3,8.48,70.83,9.2,51116500.0,[]
ALLIAR,AALR3,10.78,85.33,2.2,8630900.0,[]
SEQUOIA LOG,SEQL3,22.36,88.8,3.3,25006300.0,[]
B2W - COMPANHIA GLOBAL DO VAREJO,BTOW3,57.99,90.57,2.9,243505000.0,[]
RECRUSUL,RCSL4,1.68,92.39,3.6,5471360.0,[]
OCEANPACT,OPCT3,7.83,94.44,2.6,10820000.0,[]
AREZZO CO,ARZZ3,86.1,98.54,5.1,53825800.0,[]
Helbor,HBOR3,8.61,107.08,2.0,17998600.0,[]
SINQIA,SQIA3,22.62,118.7,5.6,12399500.0,[]
MAGAZ LUIZA,MGLU3,19.67,145.38,2.7,527654000.0,[]
CIA HERING,HGTX3,30.47,171.59,2.5,123668000.0,[]
MELIUZ,CASH3,37.59,189.91,16.4,103298000.0,[]
DIAGNOSTICOS DA AMERICA SA,DASA3,58.0,241.86,1.9,20910600.0,[]
TRACK FIELD,TFCO4,12.58,248.79,17.4,1439160.0,[]
LOCAWEB,LWSA3,25.8,309.0,7.6,223235000.0,[]
GRUPO SOMA,SOMA3,13.59,4650.9,0.1,45804200.0,[]
RNI,RDNI3,10.85,39881.0,0.0,562583.0,[]
